{"cameraMode":{"drawMode":0,"name":"Shaded","section":"Shading Mode"},"sceneLighting":true,"audioPlay":false,"sceneViewState":{"m_AlwaysRefresh":false,"showFog":true,"showSkybox":true,"showFlares":true,"showImageEffects":true,"showParticleSystems":true,"showVisualEffectGraphs":true,"m_FxEnabled":true},"in2DMode":false,"pivot":{"x":-4.5487518310546879,"y":-0.36001110076904299,"z":10.451067924499512},"rotation":{"x":-0.13477396965026856,"y":-0.042498454451560977,"z":0.005787339527159929,"w":-0.989955723285675},"size":7.436773777008057,"orthographic":false}